species,island,bill_length_mm,bill_depth_mm,flipper_length_mm,body_mass_g,sex,average_body_mass_x,average_flipper_length_x,average_body_mass_y,average_flipper_length_y,body_mass_standardized
Adelie,Torgersen,39.1,18.7,181.0,3750.0,MALE,3706.1643835616437,190.1027397260274,3706.1643835616437,190.1027397260274,-0.5684747832140795
Adelie,Torgersen,39.5,17.4,186.0,3800.0,FEMALE,3706.1643835616437,190.1027397260274,3706.1643835616437,190.1027397260274,-0.5062861817652331
Adelie,Torgersen,40.3,18.0,195.0,3250.0,FEMALE,3706.1643835616437,190.1027397260274,3706.1643835616437,190.1027397260274,-1.1903607977025437
Adelie,Torgersen,36.7,19.3,193.0,3450.0,FEMALE,3706.1643835616437,190.1027397260274,3706.1643835616437,190.1027397260274,-0.941606391907158
Adelie,Torgersen,39.3,20.6,190.0,3650.0,MALE,3706.1643835616437,190.1027397260274,3706.1643835616437,190.1027397260274,-0.6928519861117723
Adelie,Torgersen,38.9,17.8,181.0,3625.0,FEMALE,3706.1643835616437,190.1027397260274,3706.1643835616437,190.1027397260274,-0.7239462868361956
Adelie,Torgersen,39.2,19.6,195.0,4675.0,MALE,3706.1643835616437,190.1027397260274,3706.1643835616437,190.1027397260274,0.5820143435895789
Adelie,Torgersen,41.1,17.6,182.0,3200.0,FEMALE,3706.1643835616437,190.1027397260274,3706.1643835616437,190.1027397260274,-1.25254939915139
Adelie,Torgersen,38.6,21.2,191.0,3800.0,MALE,3706.1643835616437,190.1027397260274,3706.1643835616437,190.1027397260274,-0.5062861817652331
Adelie,Torgersen,34.6,21.1,198.0,4400.0,MALE,3706.1643835616437,190.1027397260274,3706.1643835616437,190.1027397260274,0.23997703562092373
Adelie,Torgersen,36.6,17.8,185.0,3700.0,FEMALE,3706.1643835616437,190.1027397260274,3706.1643835616437,190.1027397260274,-0.6306633846629259
Adelie,Torgersen,38.7,19.0,195.0,3450.0,FEMALE,3706.1643835616437,190.1027397260274,3706.1643835616437,190.1027397260274,-0.941606391907158
Adelie,Torgersen,42.5,20.7,197.0,4500.0,MALE,3706.1643835616437,190.1027397260274,3706.1643835616437,190.1027397260274,0.36435423851861654
Adelie,Torgersen,34.4,18.4,184.0,3325.0,FEMALE,3706.1643835616437,190.1027397260274,3706.1643835616437,190.1027397260274,-1.097077895529274
Adelie,Torgersen,46.0,21.5,194.0,4200.0,MALE,3706.1643835616437,190.1027397260274,3706.1643835616437,190.1027397260274,-0.008777370174461903
Adelie,Biscoe,37.8,18.3,174.0,3400.0,FEMALE,3706.1643835616437,190.1027397260274,3706.1643835616437,190.1027397260274,-1.0037949933560044
Adelie,Biscoe,37.7,18.7,180.0,3600.0,MALE,3706.1643835616437,190.1027397260274,3706.1643835616437,190.1027397260274,-0.7550405875606188
Adelie,Biscoe,35.9,19.2,189.0,3800.0,FEMALE,3706.1643835616437,190.1027397260274,3706.1643835616437,190.1027397260274,-0.5062861817652331
Adelie,Biscoe,38.2,18.1,185.0,3950.0,MALE,3706.1643835616437,190.1027397260274,3706.1643835616437,190.1027397260274,-0.3197203774186939
Adelie,Biscoe,38.8,17.2,180.0,3800.0,MALE,3706.1643835616437,190.1027397260274,3706.1643835616437,190.1027397260274,-0.5062861817652331
Adelie,Biscoe,35.3,18.9,187.0,3800.0,FEMALE,3706.1643835616437,190.1027397260274,3706.1643835616437,190.1027397260274,-0.5062861817652331
Adelie,Biscoe,40.6,18.6,183.0,3550.0,MALE,3706.1643835616437,190.1027397260274,3706.1643835616437,190.1027397260274,-0.8172291890094652
Adelie,Biscoe,40.5,17.9,187.0,3200.0,FEMALE,3706.1643835616437,190.1027397260274,3706.1643835616437,190.1027397260274,-1.25254939915139
Adelie,Biscoe,37.9,18.6,172.0,3150.0,FEMALE,3706.1643835616437,190.1027397260274,3706.1643835616437,190.1027397260274,-1.3147380006002365
Adelie,Biscoe,40.5,18.9,180.0,3950.0,MALE,3706.1643835616437,190.1027397260274,3706.1643835616437,190.1027397260274,-0.3197203774186939
Adelie,Dream,39.5,16.7,178.0,3250.0,FEMALE,3706.1643835616437,190.1027397260274,3706.1643835616437,190.1027397260274,-1.1903607977025437
Adelie,Dream,37.2,18.1,178.0,3900.0,MALE,3706.1643835616437,190.1027397260274,3706.1643835616437,190.1027397260274,-0.3819089788675403
Adelie,Dream,39.5,17.8,188.0,3300.0,FEMALE,3706.1643835616437,190.1027397260274,3706.1643835616437,190.1027397260274,-1.1281721962536972
Adelie,Dream,40.9,18.9,184.0,3900.0,MALE,3706.1643835616437,190.1027397260274,3706.1643835616437,190.1027397260274,-0.3819089788675403
Adelie,Dream,36.4,17.0,195.0,3325.0,FEMALE,3706.1643835616437,190.1027397260274,3706.1643835616437,190.1027397260274,-1.097077895529274
Adelie,Dream,39.2,21.1,196.0,4150.0,MALE,3706.1643835616437,190.1027397260274,3706.1643835616437,190.1027397260274,-0.07096597162330831
Adelie,Dream,38.8,20.0,190.0,3950.0,MALE,3706.1643835616437,190.1027397260274,3706.1643835616437,190.1027397260274,-0.3197203774186939
Adelie,Dream,42.2,18.5,180.0,3550.0,FEMALE,3706.1643835616437,190.1027397260274,3706.1643835616437,190.1027397260274,-0.8172291890094652
Adelie,Dream,37.6,19.3,181.0,3300.0,FEMALE,3706.1643835616437,190.1027397260274,3706.1643835616437,190.1027397260274,-1.1281721962536972
Adelie,Dream,39.8,19.1,184.0,4650.0,MALE,3706.1643835616437,190.1027397260274,3706.1643835616437,190.1027397260274,0.5509200428651557
Adelie,Dream,36.5,18.0,182.0,3150.0,FEMALE,3706.1643835616437,190.1027397260274,3706.1643835616437,190.1027397260274,-1.3147380006002365
Adelie,Dream,40.8,18.4,195.0,3900.0,MALE,3706.1643835616437,190.1027397260274,3706.1643835616437,190.1027397260274,-0.3819089788675403
Adelie,Dream,36.0,18.5,186.0,3100.0,FEMALE,3706.1643835616437,190.1027397260274,3706.1643835616437,190.1027397260274,-1.376926602049083
Adelie,Dream,44.1,19.7,196.0,4400.0,MALE,3706.1643835616437,190.1027397260274,3706.1643835616437,190.1027397260274,0.23997703562092373
Adelie,Dream,37.0,16.9,185.0,3000.0,FEMALE,3706.1643835616437,190.1027397260274,3706.1643835616437,190.1027397260274,-1.5013038049467757
Adelie,Dream,39.6,18.8,190.0,4600.0,MALE,3706.1643835616437,190.1027397260274,3706.1643835616437,190.1027397260274,0.48873144141630936
Adelie,Dream,41.1,19.0,182.0,3425.0,MALE,3706.1643835616437,190.1027397260274,3706.1643835616437,190.1027397260274,-0.9727006926315812
Adelie,Dream,36.0,17.9,190.0,3450.0,FEMALE,3706.1643835616437,190.1027397260274,3706.1643835616437,190.1027397260274,-0.941606391907158
Adelie,Dream,42.3,21.2,191.0,4150.0,MALE,3706.1643835616437,190.1027397260274,3706.1643835616437,190.1027397260274,-0.07096597162330831
Adelie,Biscoe,39.6,17.7,186.0,3500.0,FEMALE,3706.1643835616437,190.1027397260274,3706.1643835616437,190.1027397260274,-0.8794177904583116
Adelie,Biscoe,40.1,18.9,188.0,4300.0,MALE,3706.1643835616437,190.1027397260274,3706.1643835616437,190.1027397260274,0.1155998327232309
Adelie,Biscoe,35.0,17.9,190.0,3450.0,FEMALE,3706.1643835616437,190.1027397260274,3706.1643835616437,190.1027397260274,-0.941606391907158
Adelie,Biscoe,42.0,19.5,200.0,4050.0,MALE,3706.1643835616437,190.1027397260274,3706.1643835616437,190.1027397260274,-0.1953431745210011
Adelie,Biscoe,34.5,18.1,187.0,2900.0,FEMALE,3706.1643835616437,190.1027397260274,3706.1643835616437,190.1027397260274,-1.6256810078444686
Adelie,Biscoe,41.4,18.6,191.0,3700.0,MALE,3706.1643835616437,190.1027397260274,3706.1643835616437,190.1027397260274,-0.6306633846629259
Adelie,Biscoe,39.0,17.5,186.0,3550.0,FEMALE,3706.1643835616437,190.1027397260274,3706.1643835616437,190.1027397260274,-0.8172291890094652
Adelie,Biscoe,40.6,18.8,193.0,3800.0,MALE,3706.1643835616437,190.1027397260274,3706.1643835616437,190.1027397260274,-0.5062861817652331
Adelie,Biscoe,36.5,16.6,181.0,2850.0,FEMALE,3706.1643835616437,190.1027397260274,3706.1643835616437,190.1027397260274,-1.687869609293315
Adelie,Biscoe,37.6,19.1,194.0,3750.0,MALE,3706.1643835616437,190.1027397260274,3706.1643835616437,190.1027397260274,-0.5684747832140795
Adelie,Biscoe,35.7,16.9,185.0,3150.0,FEMALE,3706.1643835616437,190.1027397260274,3706.1643835616437,190.1027397260274,-1.3147380006002365
Adelie,Biscoe,41.3,21.1,195.0,4400.0,MALE,3706.1643835616437,190.1027397260274,3706.1643835616437,190.1027397260274,0.23997703562092373
Adelie,Biscoe,37.6,17.0,185.0,3600.0,FEMALE,3706.1643835616437,190.1027397260274,3706.1643835616437,190.1027397260274,-0.7550405875606188
Adelie,Biscoe,41.1,18.2,192.0,4050.0,MALE,3706.1643835616437,190.1027397260274,3706.1643835616437,190.1027397260274,-0.1953431745210011
Adelie,Biscoe,36.4,17.1,184.0,2850.0,FEMALE,3706.1643835616437,190.1027397260274,3706.1643835616437,190.1027397260274,-1.687869609293315
Adelie,Biscoe,41.6,18.0,192.0,3950.0,MALE,3706.1643835616437,190.1027397260274,3706.1643835616437,190.1027397260274,-0.3197203774186939
Adelie,Biscoe,35.5,16.2,195.0,3350.0,FEMALE,3706.1643835616437,190.1027397260274,3706.1643835616437,190.1027397260274,-1.0659835948048508
Adelie,Biscoe,41.1,19.1,188.0,4100.0,MALE,3706.1643835616437,190.1027397260274,3706.1643835616437,190.1027397260274,-0.13315457307215472
Adelie,Torgersen,35.9,16.6,190.0,3050.0,FEMALE,3706.1643835616437,190.1027397260274,3706.1643835616437,190.1027397260274,-1.4391152034979293
Adelie,Torgersen,41.8,19.4,198.0,4450.0,MALE,3706.1643835616437,190.1027397260274,3706.1643835616437,190.1027397260274,0.3021656370697701
Adelie,Torgersen,33.5,19.0,190.0,3600.0,FEMALE,3706.1643835616437,190.1027397260274,3706.1643835616437,190.1027397260274,-0.7550405875606188
Adelie,Torgersen,39.7,18.4,190.0,3900.0,MALE,3706.1643835616437,190.1027397260274,3706.1643835616437,190.1027397260274,-0.3819089788675403
Adelie,Torgersen,39.6,17.2,196.0,3550.0,FEMALE,3706.1643835616437,190.1027397260274,3706.1643835616437,190.1027397260274,-0.8172291890094652
Adelie,Torgersen,45.8,18.9,197.0,4150.0,MALE,3706.1643835616437,190.1027397260274,3706.1643835616437,190.1027397260274,-0.07096597162330831
Adelie,Torgersen,35.5,17.5,190.0,3700.0,FEMALE,3706.1643835616437,190.1027397260274,3706.1643835616437,190.1027397260274,-0.6306633846629259
Adelie,Torgersen,42.8,18.5,195.0,4250.0,MALE,3706.1643835616437,190.1027397260274,3706.1643835616437,190.1027397260274,0.053411231274384505
Adelie,Torgersen,40.9,16.8,191.0,3700.0,FEMALE,3706.1643835616437,190.1027397260274,3706.1643835616437,190.1027397260274,-0.6306633846629259
Adelie,Torgersen,37.2,19.4,184.0,3900.0,MALE,3706.1643835616437,190.1027397260274,3706.1643835616437,190.1027397260274,-0.3819089788675403
Adelie,Torgersen,36.2,16.1,187.0,3550.0,FEMALE,3706.1643835616437,190.1027397260274,3706.1643835616437,190.1027397260274,-0.8172291890094652
Adelie,Torgersen,42.1,19.1,195.0,4000.0,MALE,3706.1643835616437,190.1027397260274,3706.1643835616437,190.1027397260274,-0.25753177596984755
Adelie,Torgersen,34.6,17.2,189.0,3200.0,FEMALE,3706.1643835616437,190.1027397260274,3706.1643835616437,190.1027397260274,-1.25254939915139
Adelie,Torgersen,42.9,17.6,196.0,4700.0,MALE,3706.1643835616437,190.1027397260274,3706.1643835616437,190.1027397260274,0.6131086443140021
Adelie,Torgersen,36.7,18.8,187.0,3800.0,FEMALE,3706.1643835616437,190.1027397260274,3706.1643835616437,190.1027397260274,-0.5062861817652331
Adelie,Torgersen,35.1,19.4,193.0,4200.0,MALE,3706.1643835616437,190.1027397260274,3706.1643835616437,190.1027397260274,-0.008777370174461903
Adelie,Dream,37.3,17.8,191.0,3350.0,FEMALE,3706.1643835616437,190.1027397260274,3706.1643835616437,190.1027397260274,-1.0659835948048508
Adelie,Dream,41.3,20.3,194.0,3550.0,MALE,3706.1643835616437,190.1027397260274,3706.1643835616437,190.1027397260274,-0.8172291890094652
Adelie,Dream,36.3,19.5,190.0,3800.0,MALE,3706.1643835616437,190.1027397260274,3706.1643835616437,190.1027397260274,-0.5062861817652331
Adelie,Dream,36.9,18.6,189.0,3500.0,FEMALE,3706.1643835616437,190.1027397260274,3706.1643835616437,190.1027397260274,-0.8794177904583116
Adelie,Dream,38.3,19.2,189.0,3950.0,MALE,3706.1643835616437,190.1027397260274,3706.1643835616437,190.1027397260274,-0.3197203774186939
Adelie,Dream,38.9,18.8,190.0,3600.0,FEMALE,3706.1643835616437,190.1027397260274,3706.1643835616437,190.1027397260274,-0.7550405875606188
Adelie,Dream,35.7,18.0,202.0,3550.0,FEMALE,3706.1643835616437,190.1027397260274,3706.1643835616437,190.1027397260274,-0.8172291890094652
Adelie,Dream,41.1,18.1,205.0,4300.0,MALE,3706.1643835616437,190.1027397260274,3706.1643835616437,190.1027397260274,0.1155998327232309
Adelie,Dream,34.0,17.1,185.0,3400.0,FEMALE,3706.1643835616437,190.1027397260274,3706.1643835616437,190.1027397260274,-1.0037949933560044
Adelie,Dream,39.6,18.1,186.0,4450.0,MALE,3706.1643835616437,190.1027397260274,3706.1643835616437,190.1027397260274,0.3021656370697701
Adelie,Dream,36.2,17.3,187.0,3300.0,FEMALE,3706.1643835616437,190.1027397260274,3706.1643835616437,190.1027397260274,-1.1281721962536972
Adelie,Dream,40.8,18.9,208.0,4300.0,MALE,3706.1643835616437,190.1027397260274,3706.1643835616437,190.1027397260274,0.1155998327232309
Adelie,Dream,38.1,18.6,190.0,3700.0,FEMALE,3706.1643835616437,190.1027397260274,3706.1643835616437,190.1027397260274,-0.6306633846629259
Adelie,Dream,40.3,18.5,196.0,4350.0,MALE,3706.1643835616437,190.1027397260274,3706.1643835616437,190.1027397260274,0.17778843417207732
Adelie,Dream,33.1,16.1,178.0,2900.0,FEMALE,3706.1643835616437,190.1027397260274,3706.1643835616437,190.1027397260274,-1.6256810078444686
Adelie,Dream,43.2,18.5,192.0,4100.0,MALE,3706.1643835616437,190.1027397260274,3706.1643835616437,190.1027397260274,-0.13315457307215472
Adelie,Biscoe,35.0,17.9,192.0,3725.0,FEMALE,3706.1643835616437,190.1027397260274,3706.1643835616437,190.1027397260274,-0.5995690839385027
Adelie,Biscoe,41.0,20.0,203.0,4725.0,MALE,3706.1643835616437,190.1027397260274,3706.1643835616437,190.1027397260274,0.6442029450384253
Adelie,Biscoe,37.7,16.0,183.0,3075.0,FEMALE,3706.1643835616437,190.1027397260274,3706.1643835616437,190.1027397260274,-1.408020902773506
Adelie,Biscoe,37.8,20.0,190.0,4250.0,MALE,3706.1643835616437,190.1027397260274,3706.1643835616437,190.1027397260274,0.053411231274384505
Adelie,Biscoe,37.9,18.6,193.0,2925.0,FEMALE,3706.1643835616437,190.1027397260274,3706.1643835616437,190.1027397260274,-1.5945867071200452
Adelie,Biscoe,39.7,18.9,184.0,3550.0,MALE,3706.1643835616437,190.1027397260274,3706.1643835616437,190.1027397260274,-0.8172291890094652
Adelie,Biscoe,38.6,17.2,199.0,3750.0,FEMALE,3706.1643835616437,190.1027397260274,3706.1643835616437,190.1027397260274,-0.5684747832140795
Adelie,Biscoe,38.2,20.0,190.0,3900.0,MALE,3706.1643835616437,190.1027397260274,3706.1643835616437,190.1027397260274,-0.3819089788675403
Adelie,Biscoe,38.1,17.0,181.0,3175.0,FEMALE,3706.1643835616437,190.1027397260274,3706.1643835616437,190.1027397260274,-1.2836436998758132
Adelie,Biscoe,43.2,19.0,197.0,4775.0,MALE,3706.1643835616437,190.1027397260274,3706.1643835616437,190.1027397260274,0.7063915464872718
Adelie,Biscoe,38.1,16.5,198.0,3825.0,FEMALE,3706.1643835616437,190.1027397260274,3706.1643835616437,190.1027397260274,-0.47519188104080995
Adelie,Biscoe,45.6,20.3,191.0,4600.0,MALE,3706.1643835616437,190.1027397260274,3706.1643835616437,190.1027397260274,0.48873144141630936
Adelie,Biscoe,39.7,17.7,193.0,3200.0,FEMALE,3706.1643835616437,190.1027397260274,3706.1643835616437,190.1027397260274,-1.25254939915139
Adelie,Biscoe,42.2,19.5,197.0,4275.0,MALE,3706.1643835616437,190.1027397260274,3706.1643835616437,190.1027397260274,0.08450553199880771
Adelie,Biscoe,39.6,20.7,191.0,3900.0,FEMALE,3706.1643835616437,190.1027397260274,3706.1643835616437,190.1027397260274,-0.3819089788675403
Adelie,Biscoe,42.7,18.3,196.0,4075.0,MALE,3706.1643835616437,190.1027397260274,3706.1643835616437,190.1027397260274,-0.16424887379657793
Adelie,Torgersen,38.6,17.0,188.0,2900.0,FEMALE,3706.1643835616437,190.1027397260274,3706.1643835616437,190.1027397260274,-1.6256810078444686
Adelie,Torgersen,37.3,20.5,199.0,3775.0,MALE,3706.1643835616437,190.1027397260274,3706.1643835616437,190.1027397260274,-0.5373804824896563
Adelie,Torgersen,35.7,17.0,189.0,3350.0,FEMALE,3706.1643835616437,190.1027397260274,3706.1643835616437,190.1027397260274,-1.0659835948048508
Adelie,Torgersen,41.1,18.6,189.0,3325.0,MALE,3706.1643835616437,190.1027397260274,3706.1643835616437,190.1027397260274,-1.097077895529274
Adelie,Torgersen,36.2,17.2,187.0,3150.0,FEMALE,3706.1643835616437,190.1027397260274,3706.1643835616437,190.1027397260274,-1.3147380006002365
Adelie,Torgersen,37.7,19.8,198.0,3500.0,MALE,3706.1643835616437,190.1027397260274,3706.1643835616437,190.1027397260274,-0.8794177904583116
Adelie,Torgersen,40.2,17.0,176.0,3450.0,FEMALE,3706.1643835616437,190.1027397260274,3706.1643835616437,190.1027397260274,-0.941606391907158
Adelie,Torgersen,41.4,18.5,202.0,3875.0,MALE,3706.1643835616437,190.1027397260274,3706.1643835616437,190.1027397260274,-0.41300327959196353
Adelie,Torgersen,35.2,15.9,186.0,3050.0,FEMALE,3706.1643835616437,190.1027397260274,3706.1643835616437,190.1027397260274,-1.4391152034979293
Adelie,Torgersen,40.6,19.0,199.0,4000.0,MALE,3706.1643835616437,190.1027397260274,3706.1643835616437,190.1027397260274,-0.25753177596984755
Adelie,Torgersen,38.8,17.6,191.0,3275.0,FEMALE,3706.1643835616437,190.1027397260274,3706.1643835616437,190.1027397260274,-1.1592664969781203
Adelie,Torgersen,41.5,18.3,195.0,4300.0,MALE,3706.1643835616437,190.1027397260274,3706.1643835616437,190.1027397260274,0.1155998327232309
Adelie,Torgersen,39.0,17.1,191.0,3050.0,FEMALE,3706.1643835616437,190.1027397260274,3706.1643835616437,190.1027397260274,-1.4391152034979293
Adelie,Torgersen,44.1,18.0,210.0,4000.0,MALE,3706.1643835616437,190.1027397260274,3706.1643835616437,190.1027397260274,-0.25753177596984755
Adelie,Torgersen,38.5,17.9,190.0,3325.0,FEMALE,3706.1643835616437,190.1027397260274,3706.1643835616437,190.1027397260274,-1.097077895529274
Adelie,Torgersen,43.1,19.2,197.0,3500.0,MALE,3706.1643835616437,190.1027397260274,3706.1643835616437,190.1027397260274,-0.8794177904583116
Adelie,Dream,36.8,18.5,193.0,3500.0,FEMALE,3706.1643835616437,190.1027397260274,3706.1643835616437,190.1027397260274,-0.8794177904583116
Adelie,Dream,37.5,18.5,199.0,4475.0,MALE,3706.1643835616437,190.1027397260274,3706.1643835616437,190.1027397260274,0.33325993779419333
Adelie,Dream,38.1,17.6,187.0,3425.0,FEMALE,3706.1643835616437,190.1027397260274,3706.1643835616437,190.1027397260274,-0.9727006926315812
Adelie,Dream,41.1,17.5,190.0,3900.0,MALE,3706.1643835616437,190.1027397260274,3706.1643835616437,190.1027397260274,-0.3819089788675403
Adelie,Dream,35.6,17.5,191.0,3175.0,FEMALE,3706.1643835616437,190.1027397260274,3706.1643835616437,190.1027397260274,-1.2836436998758132
Adelie,Dream,40.2,20.1,200.0,3975.0,MALE,3706.1643835616437,190.1027397260274,3706.1643835616437,190.1027397260274,-0.2886260766942707
Adelie,Dream,37.0,16.5,185.0,3400.0,FEMALE,3706.1643835616437,190.1027397260274,3706.1643835616437,190.1027397260274,-1.0037949933560044
Adelie,Dream,39.7,17.9,193.0,4250.0,MALE,3706.1643835616437,190.1027397260274,3706.1643835616437,190.1027397260274,0.053411231274384505
Adelie,Dream,40.2,17.1,193.0,3400.0,FEMALE,3706.1643835616437,190.1027397260274,3706.1643835616437,190.1027397260274,-1.0037949933560044
Adelie,Dream,40.6,17.2,187.0,3475.0,MALE,3706.1643835616437,190.1027397260274,3706.1643835616437,190.1027397260274,-0.9105120911827348
Adelie,Dream,32.1,15.5,188.0,3050.0,FEMALE,3706.1643835616437,190.1027397260274,3706.1643835616437,190.1027397260274,-1.4391152034979293
Adelie,Dream,40.7,17.0,190.0,3725.0,MALE,3706.1643835616437,190.1027397260274,3706.1643835616437,190.1027397260274,-0.5995690839385027
Adelie,Dream,37.3,16.8,192.0,3000.0,FEMALE,3706.1643835616437,190.1027397260274,3706.1643835616437,190.1027397260274,-1.5013038049467757
Adelie,Dream,39.0,18.7,185.0,3650.0,MALE,3706.1643835616437,190.1027397260274,3706.1643835616437,190.1027397260274,-0.6928519861117723
Adelie,Dream,39.2,18.6,190.0,4250.0,MALE,3706.1643835616437,190.1027397260274,3706.1643835616437,190.1027397260274,0.053411231274384505
Adelie,Dream,36.6,18.4,184.0,3475.0,FEMALE,3706.1643835616437,190.1027397260274,3706.1643835616437,190.1027397260274,-0.9105120911827348
Adelie,Dream,36.0,17.8,195.0,3450.0,FEMALE,3706.1643835616437,190.1027397260274,3706.1643835616437,190.1027397260274,-0.941606391907158
Adelie,Dream,37.8,18.1,193.0,3750.0,MALE,3706.1643835616437,190.1027397260274,3706.1643835616437,190.1027397260274,-0.5684747832140795
Adelie,Dream,36.0,17.1,187.0,3700.0,FEMALE,3706.1643835616437,190.1027397260274,3706.1643835616437,190.1027397260274,-0.6306633846629259
Adelie,Dream,41.5,18.5,201.0,4000.0,MALE,3706.1643835616437,190.1027397260274,3706.1643835616437,190.1027397260274,-0.25753177596984755
Chinstrap,Dream,46.5,17.9,192.0,3500.0,FEMALE,3733.0882352941176,195.8235294117647,3733.0882352941176,195.8235294117647,-0.8794177904583116
Chinstrap,Dream,50.0,19.5,196.0,3900.0,MALE,3733.0882352941176,195.8235294117647,3733.0882352941176,195.8235294117647,-0.3819089788675403
Chinstrap,Dream,51.3,19.2,193.0,3650.0,MALE,3733.0882352941176,195.8235294117647,3733.0882352941176,195.8235294117647,-0.6928519861117723
Chinstrap,Dream,45.4,18.7,188.0,3525.0,FEMALE,3733.0882352941176,195.8235294117647,3733.0882352941176,195.8235294117647,-0.8483234897338884
Chinstrap,Dream,52.7,19.8,197.0,3725.0,MALE,3733.0882352941176,195.8235294117647,3733.0882352941176,195.8235294117647,-0.5995690839385027
Chinstrap,Dream,45.2,17.8,198.0,3950.0,FEMALE,3733.0882352941176,195.8235294117647,3733.0882352941176,195.8235294117647,-0.3197203774186939
Chinstrap,Dream,46.1,18.2,178.0,3250.0,FEMALE,3733.0882352941176,195.8235294117647,3733.0882352941176,195.8235294117647,-1.1903607977025437
Chinstrap,Dream,51.3,18.2,197.0,3750.0,MALE,3733.0882352941176,195.8235294117647,3733.0882352941176,195.8235294117647,-0.5684747832140795
Chinstrap,Dream,46.0,18.9,195.0,4150.0,FEMALE,3733.0882352941176,195.8235294117647,3733.0882352941176,195.8235294117647,-0.07096597162330831
Chinstrap,Dream,51.3,19.9,198.0,3700.0,MALE,3733.0882352941176,195.8235294117647,3733.0882352941176,195.8235294117647,-0.6306633846629259
Chinstrap,Dream,46.6,17.8,193.0,3800.0,FEMALE,3733.0882352941176,195.8235294117647,3733.0882352941176,195.8235294117647,-0.5062861817652331
Chinstrap,Dream,51.7,20.3,194.0,3775.0,MALE,3733.0882352941176,195.8235294117647,3733.0882352941176,195.8235294117647,-0.5373804824896563
Chinstrap,Dream,47.0,17.3,185.0,3700.0,FEMALE,3733.0882352941176,195.8235294117647,3733.0882352941176,195.8235294117647,-0.6306633846629259
Chinstrap,Dream,52.0,18.1,201.0,4050.0,MALE,3733.0882352941176,195.8235294117647,3733.0882352941176,195.8235294117647,-0.1953431745210011
Chinstrap,Dream,45.9,17.1,190.0,3575.0,FEMALE,3733.0882352941176,195.8235294117647,3733.0882352941176,195.8235294117647,-0.786134888285042
Chinstrap,Dream,50.5,19.6,201.0,4050.0,MALE,3733.0882352941176,195.8235294117647,3733.0882352941176,195.8235294117647,-0.1953431745210011
Chinstrap,Dream,50.3,20.0,197.0,3300.0,MALE,3733.0882352941176,195.8235294117647,3733.0882352941176,195.8235294117647,-1.1281721962536972
Chinstrap,Dream,58.0,17.8,181.0,3700.0,FEMALE,3733.0882352941176,195.8235294117647,3733.0882352941176,195.8235294117647,-0.6306633846629259
Chinstrap,Dream,46.4,18.6,190.0,3450.0,FEMALE,3733.0882352941176,195.8235294117647,3733.0882352941176,195.8235294117647,-0.941606391907158
Chinstrap,Dream,49.2,18.2,195.0,4400.0,MALE,3733.0882352941176,195.8235294117647,3733.0882352941176,195.8235294117647,0.23997703562092373
Chinstrap,Dream,42.4,17.3,181.0,3600.0,FEMALE,3733.0882352941176,195.8235294117647,3733.0882352941176,195.8235294117647,-0.7550405875606188
Chinstrap,Dream,48.5,17.5,191.0,3400.0,MALE,3733.0882352941176,195.8235294117647,3733.0882352941176,195.8235294117647,-1.0037949933560044
Chinstrap,Dream,43.2,16.6,187.0,2900.0,FEMALE,3733.0882352941176,195.8235294117647,3733.0882352941176,195.8235294117647,-1.6256810078444686
Chinstrap,Dream,50.6,19.4,193.0,3800.0,MALE,3733.0882352941176,195.8235294117647,3733.0882352941176,195.8235294117647,-0.5062861817652331
Chinstrap,Dream,46.7,17.9,195.0,3300.0,FEMALE,3733.0882352941176,195.8235294117647,3733.0882352941176,195.8235294117647,-1.1281721962536972
Chinstrap,Dream,52.0,19.0,197.0,4150.0,MALE,3733.0882352941176,195.8235294117647,3733.0882352941176,195.8235294117647,-0.07096597162330831
Chinstrap,Dream,50.5,18.4,200.0,3400.0,FEMALE,3733.0882352941176,195.8235294117647,3733.0882352941176,195.8235294117647,-1.0037949933560044
Chinstrap,Dream,49.5,19.0,200.0,3800.0,MALE,3733.0882352941176,195.8235294117647,3733.0882352941176,195.8235294117647,-0.5062861817652331
Chinstrap,Dream,46.4,17.8,191.0,3700.0,FEMALE,3733.0882352941176,195.8235294117647,3733.0882352941176,195.8235294117647,-0.6306633846629259
Chinstrap,Dream,52.8,20.0,205.0,4550.0,MALE,3733.0882352941176,195.8235294117647,3733.0882352941176,195.8235294117647,0.42654283996746295
Chinstrap,Dream,40.9,16.6,187.0,3200.0,FEMALE,3733.0882352941176,195.8235294117647,3733.0882352941176,195.8235294117647,-1.25254939915139
Chinstrap,Dream,54.2,20.8,201.0,4300.0,MALE,3733.0882352941176,195.8235294117647,3733.0882352941176,195.8235294117647,0.1155998327232309
Chinstrap,Dream,42.5,16.7,187.0,3350.0,FEMALE,3733.0882352941176,195.8235294117647,3733.0882352941176,195.8235294117647,-1.0659835948048508
Chinstrap,Dream,51.0,18.8,203.0,4100.0,MALE,3733.0882352941176,195.8235294117647,3733.0882352941176,195.8235294117647,-0.13315457307215472
Chinstrap,Dream,49.7,18.6,195.0,3600.0,MALE,3733.0882352941176,195.8235294117647,3733.0882352941176,195.8235294117647,-0.7550405875606188
Chinstrap,Dream,47.5,16.8,199.0,3900.0,FEMALE,3733.0882352941176,195.8235294117647,3733.0882352941176,195.8235294117647,-0.3819089788675403
Chinstrap,Dream,47.6,18.3,195.0,3850.0,FEMALE,3733.0882352941176,195.8235294117647,3733.0882352941176,195.8235294117647,-0.44409758031638674
Chinstrap,Dream,52.0,20.7,210.0,4800.0,MALE,3733.0882352941176,195.8235294117647,3733.0882352941176,195.8235294117647,0.737485847211695
Chinstrap,Dream,46.9,16.6,192.0,2700.0,FEMALE,3733.0882352941176,195.8235294117647,3733.0882352941176,195.8235294117647,-1.874435413639854
Chinstrap,Dream,53.5,19.9,205.0,4500.0,MALE,3733.0882352941176,195.8235294117647,3733.0882352941176,195.8235294117647,0.36435423851861654
Chinstrap,Dream,49.0,19.5,210.0,3950.0,MALE,3733.0882352941176,195.8235294117647,3733.0882352941176,195.8235294117647,-0.3197203774186939
Chinstrap,Dream,46.2,17.5,187.0,3650.0,FEMALE,3733.0882352941176,195.8235294117647,3733.0882352941176,195.8235294117647,-0.6928519861117723
Chinstrap,Dream,50.9,19.1,196.0,3550.0,MALE,3733.0882352941176,195.8235294117647,3733.0882352941176,195.8235294117647,-0.8172291890094652
Chinstrap,Dream,45.5,17.0,196.0,3500.0,FEMALE,3733.0882352941176,195.8235294117647,3733.0882352941176,195.8235294117647,-0.8794177904583116
Chinstrap,Dream,50.9,17.9,196.0,3675.0,FEMALE,3733.0882352941176,195.8235294117647,3733.0882352941176,195.8235294117647,-0.6617576853873491
Chinstrap,Dream,50.8,18.5,201.0,4450.0,MALE,3733.0882352941176,195.8235294117647,3733.0882352941176,195.8235294117647,0.3021656370697701
Chinstrap,Dream,50.1,17.9,190.0,3400.0,FEMALE,3733.0882352941176,195.8235294117647,3733.0882352941176,195.8235294117647,-1.0037949933560044
Chinstrap,Dream,49.0,19.6,212.0,4300.0,MALE,3733.0882352941176,195.8235294117647,3733.0882352941176,195.8235294117647,0.1155998327232309
Chinstrap,Dream,51.5,18.7,187.0,3250.0,MALE,3733.0882352941176,195.8235294117647,3733.0882352941176,195.8235294117647,-1.1903607977025437
Chinstrap,Dream,49.8,17.3,198.0,3675.0,FEMALE,3733.0882352941176,195.8235294117647,3733.0882352941176,195.8235294117647,-0.6617576853873491
Chinstrap,Dream,48.1,16.4,199.0,3325.0,FEMALE,3733.0882352941176,195.8235294117647,3733.0882352941176,195.8235294117647,-1.097077895529274
Chinstrap,Dream,51.4,19.0,201.0,3950.0,MALE,3733.0882352941176,195.8235294117647,3733.0882352941176,195.8235294117647,-0.3197203774186939
Chinstrap,Dream,45.7,17.3,193.0,3600.0,FEMALE,3733.0882352941176,195.8235294117647,3733.0882352941176,195.8235294117647,-0.7550405875606188
Chinstrap,Dream,50.7,19.7,203.0,4050.0,MALE,3733.0882352941176,195.8235294117647,3733.0882352941176,195.8235294117647,-0.1953431745210011
Chinstrap,Dream,42.5,17.3,187.0,3350.0,FEMALE,3733.0882352941176,195.8235294117647,3733.0882352941176,195.8235294117647,-1.0659835948048508
Chinstrap,Dream,52.2,18.8,197.0,3450.0,MALE,3733.0882352941176,195.8235294117647,3733.0882352941176,195.8235294117647,-0.941606391907158
Chinstrap,Dream,45.2,16.6,191.0,3250.0,FEMALE,3733.0882352941176,195.8235294117647,3733.0882352941176,195.8235294117647,-1.1903607977025437
Chinstrap,Dream,49.3,19.9,203.0,4050.0,MALE,3733.0882352941176,195.8235294117647,3733.0882352941176,195.8235294117647,-0.1953431745210011
Chinstrap,Dream,50.2,18.8,202.0,3800.0,MALE,3733.0882352941176,195.8235294117647,3733.0882352941176,195.8235294117647,-0.5062861817652331
Chinstrap,Dream,45.6,19.4,194.0,3525.0,FEMALE,3733.0882352941176,195.8235294117647,3733.0882352941176,195.8235294117647,-0.8483234897338884
Chinstrap,Dream,51.9,19.5,206.0,3950.0,MALE,3733.0882352941176,195.8235294117647,3733.0882352941176,195.8235294117647,-0.3197203774186939
Chinstrap,Dream,46.8,16.5,189.0,3650.0,FEMALE,3733.0882352941176,195.8235294117647,3733.0882352941176,195.8235294117647,-0.6928519861117723
Chinstrap,Dream,45.7,17.0,195.0,3650.0,FEMALE,3733.0882352941176,195.8235294117647,3733.0882352941176,195.8235294117647,-0.6928519861117723
Chinstrap,Dream,55.8,19.8,207.0,4000.0,MALE,3733.0882352941176,195.8235294117647,3733.0882352941176,195.8235294117647,-0.25753177596984755
Chinstrap,Dream,43.5,18.1,202.0,3400.0,FEMALE,3733.0882352941176,195.8235294117647,3733.0882352941176,195.8235294117647,-1.0037949933560044
Chinstrap,Dream,49.6,18.2,193.0,3775.0,MALE,3733.0882352941176,195.8235294117647,3733.0882352941176,195.8235294117647,-0.5373804824896563
Chinstrap,Dream,50.8,19.0,210.0,4100.0,MALE,3733.0882352941176,195.8235294117647,3733.0882352941176,195.8235294117647,-0.13315457307215472
Chinstrap,Dream,50.2,18.7,198.0,3775.0,FEMALE,3733.0882352941176,195.8235294117647,3733.0882352941176,195.8235294117647,-0.5373804824896563
Gentoo,Biscoe,46.1,13.2,211.0,4500.0,FEMALE,5092.436974789916,217.23529411764707,5092.436974789916,217.23529411764707,0.36435423851861654
Gentoo,Biscoe,50.0,16.3,230.0,5700.0,MALE,5092.436974789916,217.23529411764707,5092.436974789916,217.23529411764707,1.8568806732909302
Gentoo,Biscoe,48.7,14.1,210.0,4450.0,FEMALE,5092.436974789916,217.23529411764707,5092.436974789916,217.23529411764707,0.3021656370697701
Gentoo,Biscoe,50.0,15.2,218.0,5700.0,MALE,5092.436974789916,217.23529411764707,5092.436974789916,217.23529411764707,1.8568806732909302
Gentoo,Biscoe,47.6,14.5,215.0,5400.0,MALE,5092.436974789916,217.23529411764707,5092.436974789916,217.23529411764707,1.483749064597852
Gentoo,Biscoe,46.5,13.5,210.0,4550.0,FEMALE,5092.436974789916,217.23529411764707,5092.436974789916,217.23529411764707,0.42654283996746295
Gentoo,Biscoe,45.4,14.6,211.0,4800.0,FEMALE,5092.436974789916,217.23529411764707,5092.436974789916,217.23529411764707,0.737485847211695
Gentoo,Biscoe,46.7,15.3,219.0,5200.0,MALE,5092.436974789916,217.23529411764707,5092.436974789916,217.23529411764707,1.2349946588024663
Gentoo,Biscoe,43.3,13.4,209.0,4400.0,FEMALE,5092.436974789916,217.23529411764707,5092.436974789916,217.23529411764707,0.23997703562092373
Gentoo,Biscoe,46.8,15.4,215.0,5150.0,MALE,5092.436974789916,217.23529411764707,5092.436974789916,217.23529411764707,1.1728060573536199
Gentoo,Biscoe,40.9,13.7,214.0,4650.0,FEMALE,5092.436974789916,217.23529411764707,5092.436974789916,217.23529411764707,0.5509200428651557
Gentoo,Biscoe,49.0,16.1,216.0,5550.0,MALE,5092.436974789916,217.23529411764707,5092.436974789916,217.23529411764707,1.670314868944391
Gentoo,Biscoe,45.5,13.7,214.0,4650.0,FEMALE,5092.436974789916,217.23529411764707,5092.436974789916,217.23529411764707,0.5509200428651557
Gentoo,Biscoe,48.4,14.6,213.0,5850.0,MALE,5092.436974789916,217.23529411764707,5092.436974789916,217.23529411764707,2.0434464776374694
Gentoo,Biscoe,45.8,14.6,210.0,4200.0,FEMALE,5092.436974789916,217.23529411764707,5092.436974789916,217.23529411764707,-0.008777370174461903
Gentoo,Biscoe,49.3,15.7,217.0,5850.0,MALE,5092.436974789916,217.23529411764707,5092.436974789916,217.23529411764707,2.0434464776374694
Gentoo,Biscoe,42.0,13.5,210.0,4150.0,FEMALE,5092.436974789916,217.23529411764707,5092.436974789916,217.23529411764707,-0.07096597162330831
Gentoo,Biscoe,49.2,15.2,221.0,6300.0,MALE,5092.436974789916,217.23529411764707,5092.436974789916,217.23529411764707,2.603143890677087
Gentoo,Biscoe,46.2,14.5,209.0,4800.0,FEMALE,5092.436974789916,217.23529411764707,5092.436974789916,217.23529411764707,0.737485847211695
Gentoo,Biscoe,48.7,15.1,222.0,5350.0,MALE,5092.436974789916,217.23529411764707,5092.436974789916,217.23529411764707,1.4215604631490055
Gentoo,Biscoe,50.2,14.3,218.0,5700.0,MALE,5092.436974789916,217.23529411764707,5092.436974789916,217.23529411764707,1.8568806732909302
Gentoo,Biscoe,45.1,14.5,215.0,5000.0,FEMALE,5092.436974789916,217.23529411764707,5092.436974789916,217.23529411764707,0.9862402530070806
Gentoo,Biscoe,46.5,14.5,213.0,4400.0,FEMALE,5092.436974789916,217.23529411764707,5092.436974789916,217.23529411764707,0.23997703562092373
Gentoo,Biscoe,46.3,15.8,215.0,5050.0,MALE,5092.436974789916,217.23529411764707,5092.436974789916,217.23529411764707,1.048428854455927
Gentoo,Biscoe,42.9,13.1,215.0,5000.0,FEMALE,5092.436974789916,217.23529411764707,5092.436974789916,217.23529411764707,0.9862402530070806
Gentoo,Biscoe,46.1,15.1,215.0,5100.0,MALE,5092.436974789916,217.23529411764707,5092.436974789916,217.23529411764707,1.1106174559047735
Gentoo,Biscoe,47.8,15.0,215.0,5650.0,MALE,5092.436974789916,217.23529411764707,5092.436974789916,217.23529411764707,1.7946920718420838
Gentoo,Biscoe,48.2,14.3,210.0,4600.0,FEMALE,5092.436974789916,217.23529411764707,5092.436974789916,217.23529411764707,0.48873144141630936
Gentoo,Biscoe,50.0,15.3,220.0,5550.0,MALE,5092.436974789916,217.23529411764707,5092.436974789916,217.23529411764707,1.670314868944391
Gentoo,Biscoe,47.3,15.3,222.0,5250.0,MALE,5092.436974789916,217.23529411764707,5092.436974789916,217.23529411764707,1.2971832602513127
Gentoo,Biscoe,42.8,14.2,209.0,4700.0,FEMALE,5092.436974789916,217.23529411764707,5092.436974789916,217.23529411764707,0.6131086443140021
Gentoo,Biscoe,45.1,14.5,207.0,5050.0,FEMALE,5092.436974789916,217.23529411764707,5092.436974789916,217.23529411764707,1.048428854455927
Gentoo,Biscoe,59.6,17.0,230.0,6050.0,MALE,5092.436974789916,217.23529411764707,5092.436974789916,217.23529411764707,2.292200883432855
Gentoo,Biscoe,49.1,14.8,220.0,5150.0,FEMALE,5092.436974789916,217.23529411764707,5092.436974789916,217.23529411764707,1.1728060573536199
Gentoo,Biscoe,48.4,16.3,220.0,5400.0,MALE,5092.436974789916,217.23529411764707,5092.436974789916,217.23529411764707,1.483749064597852
Gentoo,Biscoe,42.6,13.7,213.0,4950.0,FEMALE,5092.436974789916,217.23529411764707,5092.436974789916,217.23529411764707,0.9240516515582342
Gentoo,Biscoe,44.4,17.3,219.0,5250.0,MALE,5092.436974789916,217.23529411764707,5092.436974789916,217.23529411764707,1.2971832602513127
Gentoo,Biscoe,44.0,13.6,208.0,4350.0,FEMALE,5092.436974789916,217.23529411764707,5092.436974789916,217.23529411764707,0.17778843417207732
Gentoo,Biscoe,48.7,15.7,208.0,5350.0,MALE,5092.436974789916,217.23529411764707,5092.436974789916,217.23529411764707,1.4215604631490055
Gentoo,Biscoe,42.7,13.7,208.0,3950.0,FEMALE,5092.436974789916,217.23529411764707,5092.436974789916,217.23529411764707,-0.3197203774186939
Gentoo,Biscoe,49.6,16.0,225.0,5700.0,MALE,5092.436974789916,217.23529411764707,5092.436974789916,217.23529411764707,1.8568806732909302
Gentoo,Biscoe,45.3,13.7,210.0,4300.0,FEMALE,5092.436974789916,217.23529411764707,5092.436974789916,217.23529411764707,0.1155998327232309
Gentoo,Biscoe,49.6,15.0,216.0,4750.0,MALE,5092.436974789916,217.23529411764707,5092.436974789916,217.23529411764707,0.6752972457628486
Gentoo,Biscoe,50.5,15.9,222.0,5550.0,MALE,5092.436974789916,217.23529411764707,5092.436974789916,217.23529411764707,1.670314868944391
Gentoo,Biscoe,43.6,13.9,217.0,4900.0,FEMALE,5092.436974789916,217.23529411764707,5092.436974789916,217.23529411764707,0.8618630501093878
Gentoo,Biscoe,45.5,13.9,210.0,4200.0,FEMALE,5092.436974789916,217.23529411764707,5092.436974789916,217.23529411764707,-0.008777370174461903
Gentoo,Biscoe,50.5,15.9,225.0,5400.0,MALE,5092.436974789916,217.23529411764707,5092.436974789916,217.23529411764707,1.483749064597852
Gentoo,Biscoe,44.9,13.3,213.0,5100.0,FEMALE,5092.436974789916,217.23529411764707,5092.436974789916,217.23529411764707,1.1106174559047735
Gentoo,Biscoe,45.2,15.8,215.0,5300.0,MALE,5092.436974789916,217.23529411764707,5092.436974789916,217.23529411764707,1.3593718617001591
Gentoo,Biscoe,46.6,14.2,210.0,4850.0,FEMALE,5092.436974789916,217.23529411764707,5092.436974789916,217.23529411764707,0.7996744486605414
Gentoo,Biscoe,48.5,14.1,220.0,5300.0,MALE,5092.436974789916,217.23529411764707,5092.436974789916,217.23529411764707,1.3593718617001591
Gentoo,Biscoe,45.1,14.4,210.0,4400.0,FEMALE,5092.436974789916,217.23529411764707,5092.436974789916,217.23529411764707,0.23997703562092373
Gentoo,Biscoe,50.1,15.0,225.0,5000.0,MALE,5092.436974789916,217.23529411764707,5092.436974789916,217.23529411764707,0.9862402530070806
Gentoo,Biscoe,46.5,14.4,217.0,4900.0,FEMALE,5092.436974789916,217.23529411764707,5092.436974789916,217.23529411764707,0.8618630501093878
Gentoo,Biscoe,45.0,15.4,220.0,5050.0,MALE,5092.436974789916,217.23529411764707,5092.436974789916,217.23529411764707,1.048428854455927
Gentoo,Biscoe,43.8,13.9,208.0,4300.0,FEMALE,5092.436974789916,217.23529411764707,5092.436974789916,217.23529411764707,0.1155998327232309
Gentoo,Biscoe,45.5,15.0,220.0,5000.0,MALE,5092.436974789916,217.23529411764707,5092.436974789916,217.23529411764707,0.9862402530070806
Gentoo,Biscoe,43.2,14.5,208.0,4450.0,FEMALE,5092.436974789916,217.23529411764707,5092.436974789916,217.23529411764707,0.3021656370697701
Gentoo,Biscoe,50.4,15.3,224.0,5550.0,MALE,5092.436974789916,217.23529411764707,5092.436974789916,217.23529411764707,1.670314868944391
Gentoo,Biscoe,45.3,13.8,208.0,4200.0,FEMALE,5092.436974789916,217.23529411764707,5092.436974789916,217.23529411764707,-0.008777370174461903
Gentoo,Biscoe,46.2,14.9,221.0,5300.0,MALE,5092.436974789916,217.23529411764707,5092.436974789916,217.23529411764707,1.3593718617001591
Gentoo,Biscoe,45.7,13.9,214.0,4400.0,FEMALE,5092.436974789916,217.23529411764707,5092.436974789916,217.23529411764707,0.23997703562092373
Gentoo,Biscoe,54.3,15.7,231.0,5650.0,MALE,5092.436974789916,217.23529411764707,5092.436974789916,217.23529411764707,1.7946920718420838
Gentoo,Biscoe,45.8,14.2,219.0,4700.0,FEMALE,5092.436974789916,217.23529411764707,5092.436974789916,217.23529411764707,0.6131086443140021
Gentoo,Biscoe,49.8,16.8,230.0,5700.0,MALE,5092.436974789916,217.23529411764707,5092.436974789916,217.23529411764707,1.8568806732909302
Gentoo,Biscoe,49.5,16.2,229.0,5800.0,MALE,5092.436974789916,217.23529411764707,5092.436974789916,217.23529411764707,1.981257876188623
Gentoo,Biscoe,43.5,14.2,220.0,4700.0,FEMALE,5092.436974789916,217.23529411764707,5092.436974789916,217.23529411764707,0.6131086443140021
Gentoo,Biscoe,50.7,15.0,223.0,5550.0,MALE,5092.436974789916,217.23529411764707,5092.436974789916,217.23529411764707,1.670314868944391
Gentoo,Biscoe,47.7,15.0,216.0,4750.0,FEMALE,5092.436974789916,217.23529411764707,5092.436974789916,217.23529411764707,0.6752972457628486
Gentoo,Biscoe,46.4,15.6,221.0,5000.0,MALE,5092.436974789916,217.23529411764707,5092.436974789916,217.23529411764707,0.9862402530070806
Gentoo,Biscoe,48.2,15.6,221.0,5100.0,MALE,5092.436974789916,217.23529411764707,5092.436974789916,217.23529411764707,1.1106174559047735
Gentoo,Biscoe,46.5,14.8,217.0,5200.0,FEMALE,5092.436974789916,217.23529411764707,5092.436974789916,217.23529411764707,1.2349946588024663
Gentoo,Biscoe,46.4,15.0,216.0,4700.0,FEMALE,5092.436974789916,217.23529411764707,5092.436974789916,217.23529411764707,0.6131086443140021
Gentoo,Biscoe,48.6,16.0,230.0,5800.0,MALE,5092.436974789916,217.23529411764707,5092.436974789916,217.23529411764707,1.981257876188623
Gentoo,Biscoe,47.5,14.2,209.0,4600.0,FEMALE,5092.436974789916,217.23529411764707,5092.436974789916,217.23529411764707,0.48873144141630936
Gentoo,Biscoe,51.1,16.3,220.0,6000.0,MALE,5092.436974789916,217.23529411764707,5092.436974789916,217.23529411764707,2.230012281984009
Gentoo,Biscoe,45.2,13.8,215.0,4750.0,FEMALE,5092.436974789916,217.23529411764707,5092.436974789916,217.23529411764707,0.6752972457628486
Gentoo,Biscoe,45.2,16.4,223.0,5950.0,MALE,5092.436974789916,217.23529411764707,5092.436974789916,217.23529411764707,2.1678236805351623
Gentoo,Biscoe,49.1,14.5,212.0,4625.0,FEMALE,5092.436974789916,217.23529411764707,5092.436974789916,217.23529411764707,0.5198257421407325
Gentoo,Biscoe,52.5,15.6,221.0,5450.0,MALE,5092.436974789916,217.23529411764707,5092.436974789916,217.23529411764707,1.5459376660466984
Gentoo,Biscoe,47.4,14.6,212.0,4725.0,FEMALE,5092.436974789916,217.23529411764707,5092.436974789916,217.23529411764707,0.6442029450384253
Gentoo,Biscoe,50.0,15.9,224.0,5350.0,MALE,5092.436974789916,217.23529411764707,5092.436974789916,217.23529411764707,1.4215604631490055
Gentoo,Biscoe,44.9,13.8,212.0,4750.0,FEMALE,5092.436974789916,217.23529411764707,5092.436974789916,217.23529411764707,0.6752972457628486
Gentoo,Biscoe,50.8,17.3,228.0,5600.0,MALE,5092.436974789916,217.23529411764707,5092.436974789916,217.23529411764707,1.7325034703932374
Gentoo,Biscoe,43.4,14.4,218.0,4600.0,FEMALE,5092.436974789916,217.23529411764707,5092.436974789916,217.23529411764707,0.48873144141630936
Gentoo,Biscoe,51.3,14.2,218.0,5300.0,MALE,5092.436974789916,217.23529411764707,5092.436974789916,217.23529411764707,1.3593718617001591
Gentoo,Biscoe,47.5,14.0,212.0,4875.0,FEMALE,5092.436974789916,217.23529411764707,5092.436974789916,217.23529411764707,0.8307687493849646
Gentoo,Biscoe,52.1,17.0,230.0,5550.0,MALE,5092.436974789916,217.23529411764707,5092.436974789916,217.23529411764707,1.670314868944391
Gentoo,Biscoe,47.5,15.0,218.0,4950.0,FEMALE,5092.436974789916,217.23529411764707,5092.436974789916,217.23529411764707,0.9240516515582342
Gentoo,Biscoe,52.2,17.1,228.0,5400.0,MALE,5092.436974789916,217.23529411764707,5092.436974789916,217.23529411764707,1.483749064597852
Gentoo,Biscoe,45.5,14.5,212.0,4750.0,FEMALE,5092.436974789916,217.23529411764707,5092.436974789916,217.23529411764707,0.6752972457628486
Gentoo,Biscoe,49.5,16.1,224.0,5650.0,MALE,5092.436974789916,217.23529411764707,5092.436974789916,217.23529411764707,1.7946920718420838
Gentoo,Biscoe,44.5,14.7,214.0,4850.0,FEMALE,5092.436974789916,217.23529411764707,5092.436974789916,217.23529411764707,0.7996744486605414
Gentoo,Biscoe,50.8,15.7,226.0,5200.0,MALE,5092.436974789916,217.23529411764707,5092.436974789916,217.23529411764707,1.2349946588024663
Gentoo,Biscoe,49.4,15.8,216.0,4925.0,MALE,5092.436974789916,217.23529411764707,5092.436974789916,217.23529411764707,0.892957350833811
Gentoo,Biscoe,46.9,14.6,222.0,4875.0,FEMALE,5092.436974789916,217.23529411764707,5092.436974789916,217.23529411764707,0.8307687493849646
Gentoo,Biscoe,48.4,14.4,203.0,4625.0,FEMALE,5092.436974789916,217.23529411764707,5092.436974789916,217.23529411764707,0.5198257421407325
Gentoo,Biscoe,51.1,16.5,225.0,5250.0,MALE,5092.436974789916,217.23529411764707,5092.436974789916,217.23529411764707,1.2971832602513127
Gentoo,Biscoe,48.5,15.0,219.0,4850.0,FEMALE,5092.436974789916,217.23529411764707,5092.436974789916,217.23529411764707,0.7996744486605414
Gentoo,Biscoe,55.9,17.0,228.0,5600.0,MALE,5092.436974789916,217.23529411764707,5092.436974789916,217.23529411764707,1.7325034703932374
Gentoo,Biscoe,47.2,15.5,215.0,4975.0,FEMALE,5092.436974789916,217.23529411764707,5092.436974789916,217.23529411764707,0.9551459522826574
Gentoo,Biscoe,49.1,15.0,228.0,5500.0,MALE,5092.436974789916,217.23529411764707,5092.436974789916,217.23529411764707,1.6081262674955448
Gentoo,Biscoe,46.8,16.1,215.0,5500.0,MALE,5092.436974789916,217.23529411764707,5092.436974789916,217.23529411764707,1.6081262674955448
Gentoo,Biscoe,41.7,14.7,210.0,4700.0,FEMALE,5092.436974789916,217.23529411764707,5092.436974789916,217.23529411764707,0.6131086443140021
Gentoo,Biscoe,53.4,15.8,219.0,5500.0,MALE,5092.436974789916,217.23529411764707,5092.436974789916,217.23529411764707,1.6081262674955448
Gentoo,Biscoe,43.3,14.0,208.0,4575.0,FEMALE,5092.436974789916,217.23529411764707,5092.436974789916,217.23529411764707,0.45763714069188616
Gentoo,Biscoe,48.1,15.1,209.0,5500.0,MALE,5092.436974789916,217.23529411764707,5092.436974789916,217.23529411764707,1.6081262674955448
Gentoo,Biscoe,50.5,15.2,216.0,5000.0,FEMALE,5092.436974789916,217.23529411764707,5092.436974789916,217.23529411764707,0.9862402530070806
Gentoo,Biscoe,49.8,15.9,229.0,5950.0,MALE,5092.436974789916,217.23529411764707,5092.436974789916,217.23529411764707,2.1678236805351623
Gentoo,Biscoe,43.5,15.2,213.0,4650.0,FEMALE,5092.436974789916,217.23529411764707,5092.436974789916,217.23529411764707,0.5509200428651557
Gentoo,Biscoe,51.5,16.3,230.0,5500.0,MALE,5092.436974789916,217.23529411764707,5092.436974789916,217.23529411764707,1.6081262674955448
Gentoo,Biscoe,46.2,14.1,217.0,4375.0,FEMALE,5092.436974789916,217.23529411764707,5092.436974789916,217.23529411764707,0.20888273489650053
Gentoo,Biscoe,55.1,16.0,230.0,5850.0,MALE,5092.436974789916,217.23529411764707,5092.436974789916,217.23529411764707,2.0434464776374694
Gentoo,Biscoe,48.8,16.2,222.0,6000.0,MALE,5092.436974789916,217.23529411764707,5092.436974789916,217.23529411764707,2.230012281984009
Gentoo,Biscoe,47.2,13.7,214.0,4925.0,FEMALE,5092.436974789916,217.23529411764707,5092.436974789916,217.23529411764707,0.892957350833811
Gentoo,Biscoe,46.8,14.3,215.0,4850.0,FEMALE,5092.436974789916,217.23529411764707,5092.436974789916,217.23529411764707,0.7996744486605414
Gentoo,Biscoe,50.4,15.7,222.0,5750.0,MALE,5092.436974789916,217.23529411764707,5092.436974789916,217.23529411764707,1.9190692747397766
Gentoo,Biscoe,45.2,14.8,212.0,5200.0,FEMALE,5092.436974789916,217.23529411764707,5092.436974789916,217.23529411764707,1.2349946588024663
Gentoo,Biscoe,49.9,16.1,213.0,5400.0,MALE,5092.436974789916,217.23529411764707,5092.436974789916,217.23529411764707,1.483749064597852
